<?xml version="1.0" encoding="UTF-8"?>
<dgm:gDiagram xmlns:dgm="http://xmlns.oracle.com/sca/soadgm">
    <dgm:gService name="SDRestService">
        <dgm:body borderWidth="2" arcRad="20" X="21" Y="112" width="137" height="54">
            <dgm:borderColor r="153" g="153" b="153"/>
            <dgm:bgColor r="255" g="255" b="255"/>
        </dgm:body>
        <dgm:shadow arcRad="20" X="11" Y="105" width="156" height="68">
            <dgm:bgColor r="196" g="228" b="240"/>
        </dgm:shadow>
        <dgm:outputPort name="SDRestService" X="127" Y="0" diameter="20" imageURI="oracle/tip/tools/ide/fabric/resource/image/visuals_rd1/servicereference.png" interface="SB Interface" callbackInterface="SB Interface"/>
        <dgm:nodeIcon URI="/oracle/tip/tools/ide/adapters/designtime/adapter/images/RestAdapterService20x20px.png" X="7" Y="4" width="20" height="20"/>
        <dgm:operations/>
    </dgm:gService>
    <dgm:gReference name="SD_02">
        <dgm:body borderWidth="2" arcRad="20" X="626" Y="112" width="136" height="54">
            <dgm:borderColor r="153" g="153" b="153"/>
            <dgm:bgColor r="255" g="255" b="255"/>
        </dgm:body>
        <dgm:shadow arcRad="20" X="616" Y="105" width="156" height="68">
            <dgm:bgColor r="196" g="228" b="240"/>
        </dgm:shadow>
        <dgm:inputPort name="SD_02" X="-10" Y="0" diameter="20" imageURI="oracle/tip/tools/ide/fabric/resource/image/visuals_rd1/servicereference.png" interface="SB Interface" callbackInterface="SB Interface"/>
        <dgm:nodeIcon URI="/oracle/tip/tools/ide/adapters/designtime/adapter/images/db_adapter_20x20.png" X="14" Y="4" width="20" height="20"/>
        <dgm:operations/>
    </dgm:gReference>
    <dgm:gReference name="dbReference">
        <dgm:body borderWidth="2" arcRad="20" X="626" Y="26" width="136" height="54">
            <dgm:borderColor r="153" g="153" b="153"/>
            <dgm:bgColor r="255" g="255" b="255"/>
        </dgm:body>
        <dgm:shadow arcRad="20" X="616" Y="19" width="156" height="68">
            <dgm:bgColor r="196" g="228" b="240"/>
        </dgm:shadow>
        <dgm:inputPort name="dbReference" X="-10" Y="0" diameter="20" imageURI="oracle/tip/tools/ide/fabric/resource/image/visuals_rd1/servicereference.png" interface="SB Interface" callbackInterface="SB Interface"/>
        <dgm:nodeIcon URI="/oracle/tip/tools/ide/adapters/designtime/adapter/images/db_adapter_20x20.png" X="14" Y="4" width="20" height="20"/>
        <dgm:operations/>
    </dgm:gReference>
    <dgm:gComponent name="Pipeline">
        <dgm:body borderWidth="2" arcRad="20" X="327" Y="97" width="130" height="61">
            <dgm:borderColor r="109" g="136" b="65"/>
            <dgm:lightBgColor r="201" g="224" b="155"/>
            <dgm:darkBgColor r="157" g="195" b="93"/>
        </dgm:body>
        <dgm:shadow arcRad="20" X="317" Y="90" width="150" height="77">
            <dgm:bgColor r="196" g="228" b="240"/>
        </dgm:shadow>
        <dgm:inputPort name="__service__" X="-10" Y="15" diameter="20" imageURI="oracle/tip/tools/ide/fabric/resource/image/visuals_rd1/servicereference.png" interface="SB Interface" callbackInterface="SB Interface"/>
        <dgm:outputPort name="businessservice.1414288883.SD_02" X="120" Y="15" diameter="20" imageURI="oracle/tip/tools/ide/fabric/resource/image/visuals_rd1/servicereference.png" interface="SB Interface" callbackInterface="SB Interface"/>
        <dgm:nodeIcon URI="/oracle/sb/tooling/ide/sca/internal/icons/icon_pipeline_20x20.gif" X="10" Y="4" width="20" height="20"/>
    </dgm:gComponent>
    <dgm:gWireLink source="SDRestService" target="Pipeline/__service__" width="2">
        <dgm:gSegment X1="168" Y1="122" X2="317" Y2="122"/>
        <dgm:baseColor r="153" g="153" b="153"/>
        <dgm:selectedColor r="49" g="106" b="196"/>
    </dgm:gWireLink>
    <dgm:gWireLink source="Pipeline/businessservice.1414288883.SD_02" target="SD_02" width="2">
        <dgm:gSegment X1="467" Y1="122" X2="616" Y2="122"/>
        <dgm:baseColor r="153" g="153" b="153"/>
        <dgm:selectedColor r="49" g="106" b="196"/>
    </dgm:gWireLink>
</dgm:gDiagram>