<References xmlns="http://xmlns.oracle.com/adf/jndi">
  <Reference name="SD_UAT" className="oracle.jdeveloper.db.adapter.DatabaseProvider" credentialStoreKey="SD_UAT"
             xmlns="">
    <Factory className="oracle.jdevimpl.db.adapter.DatabaseProviderFactory1212"/>
    <RefAddresses>
      <StringRefAddr addrType="subtype">
        <Contents>oraJDBC</Contents>
      </StringRefAddr>
      <StringRefAddr addrType="port">
        <Contents>1531</Contents>
      </StringRefAddr>
      <StringRefAddr addrType="hostname">
        <Contents>180.179.200.253</Contents>
      </StringRefAddr>
      <StringRefAddr addrType="user">
        <Contents>appsread</Contents>
      </StringRefAddr>
      <SecureRefAddr addrType="password"/>
      <StringRefAddr addrType="serviceName">
        <Contents>UAT2</Contents>
      </StringRefAddr>
      <StringRefAddr addrType="oraDriverType">
        <Contents>thin</Contents>
      </StringRefAddr>
    </RefAddresses>
  </Reference>
</References>